competency_domain,competency,skill,description,related_skills,,learning resources (work in progress),slug,tools_languages_methodologies,learning_resources
Information and data technologies,,,"Knowledge and application of methodologies, tools and systems to harness data and drive insight, innovation, and informed decision-making across digital research.",,,,information-and-data-technologies,,
,Data engineering,,"Understanding and implementation of practices for data management, quality, accessibility, stewardship and compliance across data lifecycle.",,,,data-engineering,,
,,Data modelling and design,"Ability to plan, architect and implement data systems using appropriate data formats that satisfy research requirements and manage data assets.",,,,data-modelling-and-design,uml|xml|yaml|json,
,,Data and database management,"Ability to effectively select a data storage system and store, retrieve, manage and analyse information within it.",data-and-database-query-languages|storage-systems,,,data-and-database-management,spreadsheets|google-sheets|excel|mysql|sqlite|postgresql|sql-server|oracle|mongodb|redis|db2|toad|dbeaver|azure-data-studio|nosql|rdf|triple-stores|xml-databases|globus|opendap,
,,Data and database query languages,Proficiency in data or database query languages for managing and manipulating data.,data-and-database-management,,Databases and SQL by The Carpentries,data-and-database-query-languages,sql|graphql|xml|xquery|sparql,databases-and-sql-by-the-carpentries
,,Data acquisition,"Ability to identify, collect and process data effectively using suitable methods, tools and protocols.",,,,data-acquisition,data-collection-techniques|data-collection-tools|google-forms|surveymonkey|qualtrics|querying-an-api|webscraping,
,,Data cleaning,"Ability to identify, correct and remove errors, inconsistencies and missing values from datasets.",,,"Kaggle - Data Cleaning, Libracy Carpentry - Data Cleaning, Data Carpentry - Data Cleaning",data-cleaning,openrefine|janitor|data-validator,kaggle-data-cleaning|library-carpentry-data-cleaning|data-carpentry-data-cleaning
,,Data wrangling ,"Ability to transform raw, messy data into clean, structured formats suitable for analysis, including cleaning, reshaping, enriching, transforming and integrating data from multiple sources.",data-cleaning,,"Data Wranglers: Overview - The Turing Way
Finding Your Way To R For Data Science",data-wrangling,openrefine,data-wranglers-overview-the-turing-way|finding-your-way-to-r-for-data-science
,,Data curation,"Ability to steward and enrich data to ensure it is accurate, well-annotated, properly documented, accessible and preserved for long-term reuse.",,,,data-curation,,
,,Metadata standards,"Ability to understand and utilise metadata to ensure data quality, consistency and discoverability.",,,"What are Metadata Standards - DCC, (?) RDA Metadata Standards Catalog, (?) OpenMetadata Standards",metadata-standards,json|exif|dublin-core|isadg|edam|schema-org|bioschemas|codemeta,what-are-metadata-standards-dcc
,,Data protection and ethics,Understanding of data protection frameworks and measures to ensure secure and ethical data handling practices.,,,Ethics and law - The Turing Way,data-protection-and-ethics,gdpr|care-principles-for-indigenous-data-governance,ethics-and-law-the-turing-way
,,Data lifecycle management,"Ability to effectively manage data throughout its lifecycle, encompassing planning, collection, organisation, processing, storage, preservation and sharing, ensuring data quality, accessibility, compliance, protection and reuse. ",metadata-standards,,"Data Management Plans | DCC 

Data Management Plan - The Turing Way

RDMKit
FAIR RS Course

The FAIR Principles - The Turing Way

Version Control for Data — The Turing Way",data-lifecycle-management,data-management-plans|dmponline|persistent-identifiers-pid|fair-data|open-formats|data-versioning|data-citation|care-principles-for-indigenous-data-governance,data-management-plans-dcc|data-management-plan-the-turing-way|rdmkit|the-fair-principles-the-turing-way|version-control-for-data-the-turing-way|rdmkit
,,Digitisation of text and images,"Converting physical or analog materials (such as printed documents or photographs) into digital formats making them easier to store, process and share electronically.",,,,digitisation-of-text-and-images,optical-character-recognition-ocr|computer-vision|tesseract,
,,Computational scientific workflows (data pipelines),Ability to design and implement automated sequences of data processing steps that move and transform data between systems - typically within Workflow Management Systems (WMS) using workflow definition languages.  ,task-automation,,,computational-scientific-workflows-data-pipelines,wdl|cwl|snakefiles|apache-airflow|nextflow-dsl|snakemake|nextflow|galaxy|knime|parsl|snakefiles,
,Data science and analytics,,"Application of analytical, statistical or machine learning techniques to extract insight and value from complex or large datasets (big data).",,,,data-science-and-analytics,,
,,Data analysis,"Ability to process, analyse and interpret data using mathematical and statistical methods.",data-mining|big-data-technologies|data-visualisation|programming,,"Data Visualisation - The Turing Way
Plotting and Programming in Python",data-analysis,stata|sas|mathematica|matlab|nvivo|python|matplotlib|seaborn|r|ggplot2|spss|atlas-ti|spreadsheets|google-sheets|excel|data-analysis-process|normalisation|pandas|numpy,data-visualisation-the-turing-way|plotting-and-programming-in-python
,,Data visualisation,Ability to facilitate understanding of data and communicate data analysis findings effectively through visual representations.,data-analysis|programming,,,data-visualisation,data-and-information-visualisation-process,
,,Data mining,"Ability to discover patterns and insights from large sets of data, using techniques from statistics, machine learning and database systems. ",,,,data-mining,scikit-learn|nvivo,
,,Big data technologies,Proficiency in using big data frameworks and methodologies for managing and processing large datasets.,data-mining|aiml-models-and-technologies,,,big-data-technologies,hadoop|apache-spark|bigquery,
,,AI/ML concepts and theory,Ability to understand and apply fundamental concepts underlying AI/ML systems and applications.,aiml-models-and-technologies,,,aiml-concepts-and-theory,regression|classification|clustering|decision-trees|model-evaluation-and-validation,
,,AI/ML models and technologies,"Ability to design, build, test, and deploy machine learning models and systems as software applications",aiml-concepts-and-theory,,"NVIDIA Deep Learning Institute
Google Machine Learning Crash Course
Introduction to deep learning by The Carpentries
Research Software Engineering Sheffield - Deep Learning
Introduction to Machine Learning with Scikit Learn",aiml-models-and-technologies,supervised-learning|unsupervised-learning|reinforcement-learning|semi-supervised-learning|self-supervised-learning|transfer-learning|generative-models|neural-networks-and-deep-learning|natural-language-processing-nlp|computer-vision|large-language-models-llm|embeddings|tensorflow|pytorch|pytorch-gan|generative-adversarial-network-gan|scikit-learn|xgboost|lightgbm|keras|fastai|mlflow||apache-spark-mllib,nvidia-deep-learning-institute|google-machine-learning-crash-course|introduction-to-deep-learning-by-the-carpentries|research-software-engineering-sheffield-deep-learning|gan-implementation-in-pytorch
Software design and development,,,"Expertise in design and development of software solutions that are robust, sustainable and fit for purpose, enabling scientific and technological progress.",,,,software-design-and-development,,
,Web and mobile app development,,"Design and development of responsive, secure and user-centric applications across web and mobile platforms.",,,,web-and-mobile-app-development,,
,,General Web technologies and APIs,"Ability to understand, use and implement fundamental technologies for web development and communication.",,,,general-web-technologies-and-apis,https|ssltls|rest|html|soap,
,,Web accessibility,"Ability to design and build websites and web applications that are usable by everyone, including individuals with disabilities.",,,Introduction to Web Accessibility,web-accessibility,wave,introduction-to-web-accessibility
,,Web frameworks for front-end development,Proficiency in using programming tools and libraries to build and maintain the interactive and visual aspects of websites and web applications.,website-development,,,web-frameworks-for-frontend-development,javascript|typescript|react|node-js|css|sass|angular|vue|nuxt|svelte|bootstrap|jquery|tailwind|bulma|wordpress,
,,Web frameworks for back-end development,"Ability to use web frameworks to build and maintain server-side applications, including implementing application logic, interacting with databases, and developing APIs for data and service access.",web-frameworks-for-frontend-development|website-development,,,web-frameworks-for-backend-development,django|flask|dash|shiny|ruby-on-rails|fastapi|dart|flutter|react-native|node|express|next|nest|php|streamlit|jekyll,
,,Website development,Ability to create Web pages or websites to maintain a presence on the World Wide Web.,web-frameworks-for-frontend-development,,,website-development,html|css|sass|markdown|github-pages|wordpress|json|javascript,
,,Mobile app development,"Ability to design, implement and optimise the user interface and user experience of mobile applications, translating design concepts into functional, responsive, and visually engaging app interfaces.",website-development,,,mobile-app-development,react-native|xamarin|flutter|swift|dart,
,Software engineering,,"Application of structured approaches, theory and supporting tools to plan, develop, test and maintain high-quality and secure software applications and systems.",,,,software-engineering,,
,,Compiling code,"Understanding how compilers translate high-level languages into machine code, including concepts like lexical analysis, parsing and code optimisation.",,,,compiling-code,yacc|bison|lex|compilers,
,,Programming,"Writing code using the knowledge of programming languages - understanding syntax, algorithms, code and data structures.",computational-scientific-workflows-data-pipelines,,"Home - Scientific Python Development Guide
Introduction to good practices in research software development by the Carpentries",programming,algorithms|c|c-sharp|c-plus-plus|fortran|java|julia|matlab|python|r|ruby|shell-scripting|bash|makefiles|ide|javascript|pascal|rust|typescript|prolog|lisp|jupyter-notebooks|pandas|numpy|rstudio|scala,scientific-python-development-guide|introduction-to-good-practices-in-research-software-development-by-the-carpentries|building-better-research-software
,,Generative AI,Ability to leverage AI tools to augment and enhance traditional software development processes.,,,,generative-ai,hugging-face-transformers|openai|chatgpt|google-gemini|diffusers|tensorflow-gan|pytorch|pytorch-gan|generative-adversarial-network-gan|langchain|gradio|streamlit|google-cloud-for-ai|aws-sagemaker|azure-ai|prompt-engineering|microsoft-copilot|github-copilot,gan-implementation-in-pytorch
,,Reading and understanding code and documentation,"Comprehending technical documents to grasp software functionality, architecture and usage.",,,,reading-and-understanding-code-and-documentation,,
,,Text mining,Ability to design expressions to match specific patterns within textual data.,,,Library Carpentry: Introduction to Regular Expressions,text-mining,regular-expressions,library-carpentry-introduction-to-regular-expressions
,,Computer modelling and simulation,Ability to develop and use computational models to represent real-world systems and simulate their behaviour under different conditions.,numerical-analysis,,,computer-modelling-and-simulation,,
,,Numerical analysis,"Ability to develop, apply and improve numerical methods to approximate solutions to mathematical problems.",computer-modelling-and-simulation,,,numerical-analysis,,
,,"Coding conventions, code formatting and linting","Understanding and applying coding standards, using code formatting tools and linters to ensure code quality consistency and readability.",,,Code Styling and Linting - The Turing Way,coding-conventions-code-formatting-and-linting,linters|static-program-analysis|jslint|eslint|black|ruff|lintr|styler,code-styling-and-linting-the-turing-way|building-better-research-software
,,Software testing,"Ability to design, execute and analyse various types of tests, covering both manual and automated techniques.",,,Code Testing - The Turing Way,software-testing,unit-testing|integration-testing|system-testing|acceptance-testing|postman|cypress|sonarqube|pytest|pyunit|jest|mocha|jasmine|karma|junit|mockito|test-driven-development|github-actions,code-testing-the-turing-way|building-better-research-software
,,Software debugging,"Ability to use various techniques and tools to identify, isolate and fix errors in software code.",log-analysis,,,software-debugging,gdb,
,,Code review,"Ability to effectively evaluate and improve the quality of code by understanding the code structure, logic as well as soft skills like clear communication and constructive feedback",,,Mini toolkit - code review anxiety workbook. How to make good code reviews better.,code-review,pair-programming|pull-requests,mini-toolkit-code-review-anxiety-workbook|how-to-make-good-code-reviews-better
,,Profiling and optimising code,"Ability to analyse code execution, identify performance bottlenecks and implement changes to improve efficiency and responsiveness.",,,,profiling-and-optimising-code,,
,,Log analysis,"Ability to use log analysis tools, identify patterns and anomalies and interpret log data to diagnose issues and improve system performance.",software-debugging,,,log-analysis,,
,,Software version control,"Ability to use tools and techniques to track and manage changes to source code, ensuring efficient development and collaboration.",,,"Version Control with Git - Carpentries
Github Documentation
GitLab Documentation
Version Control - The Turing Way
Collaborative version control with Git and GitHub - pre-alpha",software-version-control,git|mercurial|svn|github|gitlab|bitbucket,carpentries-courses|github-documentation|version-control-the-turing-way|collaborative-version-control-with-git-and-github-by-the-carpentries
,,Software validation and verification,Ensuring that a software system meets specifications and fulfills its intended purpose.,profiling-and-optimising-code,,,software-validation-and-verification,sonarqube|checkmarx|jprofiler|system-testing|selenium|cypress,
,,Good software practices,"Understanding of and expertise in developing and maintaining software that adheres to the ""good"" software practices and knowledge of tools that test for them.",metadata-standards,,An R reproducibility toolkit for the practical researcher,good-software-practices,fair-software|codecheck|fairsoft|citation-cff|codemeta|software-quality-practices,an-r-reproducibility-toolkit-for-the-practical-researcher|rsqkit
,,Documenting software,"Ability to create clear, concise and comprehensive technical documentation that communicates the design, functionality and usage of a software product.",,,"Diátaxis, Datasheets for Datasets, Model Cards for Model Reporting, Project Documentation - The Turing Way
OLS lesson",documenting-software,markdown|read-the-docs|mkdocs|sphynx|markdown|r-markdown|quarto|docstrings|javadoc|jsdoc|readme|citation-cff|cffinit|code-of-conduct|contribution-guidelines,ditaxis|datasheets-for-datasets|model-cards-for-model-reporting|project-documentation-the-turing-way|ols-lesson
,,Intellectual Property (IP) and software licensing,"Understanding Intellectual Property (IP) -  who owns or controls creative work (including software) - and software licensing as the legal mechanism that grants others the right to use, modify or distribute software.",,,"OLS Lesson
Licensing - The Turing Way
Choose an open source license
TLDRLegal",intellectual-property-ip-and-software-licensing,free-and-open-source-licences,ols-lesson|licensing-the-turing-way|choose-an-open-source-license|tldrlegal
,,Packaging and releasing code,"Preparing software for distribution, including compiling, bundling dependencies, versioning, preparing release notes and creating installable or deployable artifacts.",,,Material from communities like PyOpenSci and RopenSci: https://devguide.ropensci.org/ and https://www.pyopensci.org/python-package-guide/index.html,packaging-and-releasing-code,pypi|conda-forge|docker-hub|github-container-registry-ghcr|github-releases|spack-io|cmake|docker|zip-files|executables|yaml|json|toml|binary-executables,pyopensci-packages|ropensci-packages
,,Deploying code,"Ability to take packaged software and make it available in target environments, including provisioning infrastructure, configuring services, rolling out updates, managing rollbacks and ensuring minimal downtime.",,,Continuous integration - The Turing Way,deploying-code,ansible|jenkins|github-actions|gitlab-cicd|travis-ci|azure-devops|aws-codepipeline|bitbucket-pipelines,continuous-integration-the-turing-way
,,Containerisation,"Ability to package, deploy and manage applications using containers, enabling consistent and reliable execution across diverse environments.",,,Reproducible computational environment with Docker,containerisation,docker|singularity|apptainer|kubernetes|argo|argo-cd,reproducible-computational-environment-with-docker
,,Task automation,"Expertise in creation and maintenance of automated scripts and workflows that build, test and deploy software.",computational-scientific-workflows-data-pipelines,,,task-automation,makefiles|ansible|jenkins|github-actions|gitlab-cicd|travis-ci|azure-devops|aws-codepipeline|bitbucket-pipelines,
,,Green computing,"Understanding of environmentally sustainable computing - environmental consequences of software development and deployment, including energy consumption, resource usage and the overall carbon footprint of the software lifecycle.",profiling-and-optimising-code,,"Green Software Foundation, Digital Humanities Climate Coalition Toolkit, Green500",green-computing,,green-software-foundation|digital-humanities-climate-coalition-toolkit|green500
,,Parallel programming,"Applying core parallel software design concepts, methodologies and algorithms for writing parallel code.",parallel-computing-and-usage-of-hpc-systems,,,parallel-programming,parallel-data-and-task-decomposition|algorithm-scalability-design|load-balancing|memory-hierarchy-and-data-locality-optimisation|communication-optimisation|synchronisation-and-concurrency-control|message-passing-interface-mpi|shared-memory-programming|message-passing-parallelism-mpp|openmp|cuda|single-instruction-multiple-data-simd|openacc|hip|sycl|dpc-plus-plus|memory-hierarchies|multi-threading|multi-processing|posix-threads|concurrent-futures|message-passing-interface-mpi|dask|locks|semaphores|atomic-operations|signals,introduction-to-parallel-computing|the-art-of-multiprocessor-programming|parallel-and-high-performance-computing|parallel-scaling-guide|accelerator-and-gpu-programming|introduction-to-parallel-programming-by-the-carpentries
,,Programming paradigms,Ability to understand and apply different approaches to structuring and organising code.,,,,programming-paradigms,functional-programming|lisp|object-oriented-programming-oop|java|python|smalltalk|procedural-programming|pascal|fortran|cobol|logic-programming|prolog,
,,Software patterns ,"Ability to identify, understand and apply well-established, reusable solutions to common problems in software development.",,,,software-patterns,algorithms|design-patterns,
,,APIs,Ability design and use Application Programming Interfaces (APIs) that effectively facilitate communication between different software systems.,,,,apis,,
,,Software requirements,"Ability to effectively elicit, analyse and document the needs and requirements of stakeholders, translating them into a clear and actionable set of software specifications.",,,Interviews with end-users of the software,software-requirements,,interviews-with-end-users-of-the-software
,,Software architecture and design,Ability to conceptualise and design the foundational structure of a software system aligned with stakeholder requirements.,,,,software-architecture-and-design,entity-relationship-diagrams-erd|microservices|model-view-controller-mvc|uml|n-tier-architecture|design-patterns,
,User Interface / User Experience (UI/UX) design,,"Creating intuitive, inclusive and engaging digital experiences through thoughtful design and user-centered practices.",,,,user-interface-user-experience-uiux-design,,
,,Designing user interfaces,"Proficiency in design principles, best practices, heuristic, tools and understanding of user behaviour for interface design.",,,,designing-user-interfaces,wireframing|pyside|tkinter|pyqt|qt|graphical-user-interfaces,
,,Designing user experience,"Understanding user needs through research, creating intuitive interfaces via wireframing and prototyping and ensuring usability through testing.",,,,designing-user-experience,wireframing|graphical-user-interfaces,
,,Accessible design,Ability to design and develop user interfaces and experiences that are usable by people with a wide range of abilities and disabilities.,,,,accessible-design,wcag|colour-contrast-checking,webaim-accesibility-resources
Computing infrastructures and systems,,,"Understanding and oversight of digital infrastructure - encompassing computing, storage and networks - that underpins research, collaboration and digital service delivery.",,,,computing-infrastructures-and-systems,,
,General systems infrastructure,,"Broad understanding of digital infrastructure - including hardware, networks and system integration that supports everyday operations and research.",,,,general-systems-infrastructure,,
,,Hardware systems,"Knowledge of the physical components (including CPUs, GPUs, memory and accelerators) that support small and large-scale computational tasks.",storage-systems|network-communication-protocols|supercomputer-architecture|network-architecture-design,,,hardware-systems,nfs|server-message-block-smb|memory-hierarchies|cpus|gpus,
,,Storage systems,"Ability to design, configure, manage and optimise systems used to store, organise, protect, and retrieve digital data, including storage hardware, storage architectures, data management strategies and reliability mechanisms.",data-and-database-management,,,storage-systems,nfs|storage-hardware|storage-architecture|data-redundancy-and-reliability|data-availability-and-capacity-planning|opendap,
,,Network architecture design,"Ability to design and optimise network structures and topologies to ensure reliable, secure and high-performance communication between systems, considering factors such as scalability, latency, bandwidth and fault tolerance.",network-communication-protocols,,,network-architecture-design,network-topology-design|routing-and-traffic-engineering|network-performance-analysis|network-resilience-and-fault-tolerance|infiniband|network-architecture,
,,Network communication protocols,"Understanding how information is transmitted, routed and received across networks.",network-and-application-security|network-architecture-design,,,network-communication-protocols,internet-protocol-ip|ipsec|tcp|udp|https|dns|ftpsftp|websocket|routing-algorithms|border-gateway-protocol-bgp|smtp|imap|pop3|infiniband,
,,Network and application security,"Proficiency in protecting networks, systems and applications from security threats.",network-communication-protocols,,,network-and-application-security,ipsec|ssh|ssltls|https|encryption|authentication|authorisation-and-access-control|vulnerability-management|firewalls|microsoft-defender|iptables|nftables|pf|aws-web-application-firewall|azure-firewall|google-cloud-armor|cloudflare,what-is-authorization-and-access-control
,,Systems architecture and infrastructure design,"Ability to design integrated computing systems by selecting and organising compute, storage, and networking components to meet performance, scalability and reliability requirements.",network-architecture-design|hardware-systems|storage-systems,,,systems-architecture-and-infrastructure-design,,
,,System configuration and administration,"
Ability to configure, manage and maintain systems to support live applications and services.",network-communication-protocols|network-and-application-security|storage-systems|environment-and-package-management,,,system-configuration-and-administration,operating-systems|linux|unix|microsoft-windows|macos|posix-file-permissions|unix-domain-sockets|immutable-operating-systems|ansible|singularity|sylc|terraform|helm|packer|argo|argo-cd,
,,Environment and package management,"Technical proficiency in sourcing, compiling, building and adminstrating software environments (software packages and dependencies).",,,,environment-and-package-management,cmake|spack-io|eessi-io|lmod|building-systems-from-source|binary-executables,
,Cloud infrastructure,,"Cloud platforms and computing for flexible, scalable and cost-effective computing, storage, and data services.",,,,cloud-infrastructure,,
,,Cost modelling,"Ability to estimate, monitor and optimise the cost of cloud resources and services.",,,,cost-modelling,cloud-cost-calculators|aws-pricing-calculator|azure-calculator|simgrid|slurm-accounting-tools|remora,green500
,,Serverless computing,"Proficiency in serverless technologies, understanding of event-driven architectures and a cloud computing execution model that allows one to build and run application code without provisioning or managing servers or back-end infrastructure and allocates machine resources on an as-used basis. ",cloud-computing,,,serverless-computing,netlify|aws-lambda|azure-functions|google-cloud-functions,
,,Cloud computing,"Ability to work with cloud services, platforms, and technologies in a cost-efficient and optimised manner.",,,Optimize Athena performance,cloud-computing,terraform|aws|azure,optimize-athena-performance
,,Virtualisation and container infrastructure,"Ability to create, manage, orchestrate and troubleshoot virtualisation technologies, including the ability to deploy, scale, and monitor applications running within them.",containerisation,,,virtualisation-and-container-infrastructure,docker|vmware|virtualbox|oracle-virtualbox|microsoft-hyper-v|singularity|apptainer|awx|ansible|netbox|kro|pulumi|podman,
,HPC infrastructure,,Knowledge of high-performance computing systems and practices that support data- or compute-intensive computational research and large-scale simulations.,,,,hpc-infrastructure,,
,,Supercomputer architecture,"Understanding of supercomputer architectures (e.g., node types, interconnects, storage systems).",highperformance-storage-systems|network-architecture-design,,,supercomputer-architecture,,
,,High-performance storage systems,"Ability to design, configure and use storage systems that allow multiple processes or compute nodes to read and write data simultaneously, enabling high-throughput data access in parallel and distributed computing environments.",storage-systems,,,highperformance-storage-systems,gpfs|lustre|aws-s3|beegfs|parallel-file-systems|fast-storage|storage-performance-management,
,,Cluster infrastructure,"Familiarity with cluster infrastructure's physical components including compute nodes, head nodes, login nodes, interconnects, networking, lock management.",cost-modelling|highperformance-storage-systems,,"Cloud Native Glossary
Red Hat Cluster Suite



",cluster-infrastructure,redhat-cluster-suite,cloud-native-glossary|redhat-cluster-suite
,,HPC software stack,"Understanding of the layered software environment that enables high-performance computing, including operating systems, compilers, libraries, middleware, runtimes, and scientific applications. This includes configuring, deploying, and maintaining software to support efficient and reproducible computation on HPC systems.",environment-and-package-management|cluster-management|highperformance-storage-systems,,,hpc-software-stack,operating-systems|linux|unix|compilers|gcc|nvidia-hpc-sdk|libraries|message-passing-interface-mpi|openmp|blas|lapack|cuda||gdb|valgrind|intel-vtune|nvidia-nsight|binary-executables,
,,Cluster management,"Managing and maintaining HPC clusters to ensure reliability, performance, and availability. This includes system configuration, resource allocation, user and quota management, security, monitoring, upgrades, and troubleshooting hardware and software issues in multi-user, large-scale computing environments.",hpc-software-stack|job-scheduling-and-resource-management,,,cluster-management,xcat|ansible|nagios|prometheus|grafana|warewulf|ganglia,
,,Job scheduling and resource management,"Understanding of job schedulers and resource management to allocate compute resources effectively. This includes writing job submission scripts, understanding queue policies, optimising resource requests, and supporting fair and efficient use of shared HPC infrastructure.",cluster-management,,,job-scheduling-and-resource-management,job-scheduling|load-balancing|simple-linux-utility-for-resource-management-slurm|portable-batch-system-pbs|load-sharing-facility-lsf|htcondor|oracle-grid-engine|cgroups,
,,Performance analysis and optimisation,Ability to profile and benchmark applications to identify bottlenecks and optimise applications and systems on HPC systems for high performance.,profiling-and-optimising-code,,,performance-analysis-and-optimisation,hpctoolkit|extrae|paraver|scalasca|vampir|arm-performance-reports|arm-map|intel-advisor|tau|reframe|excalibur-tests,
,,Parallel computing and usage of HPC systems,"Understaning of cluster operation and proficiency in using HPC infrastructures and running, scaling and optimising parallel applications on high-performance computing systems.",parallel-programming|performance-analysis-and-optimisation|job-scheduling-and-resource-management,,,parallel-computing-and-usage-of-hpc-systems,scalability-analysis|post-processing|load-balancing|hpc-tiers|memory-hierarchies|cuda|distributed-computing|apache-spark|ray,introduction-to-parallel-computing|the-art-of-multiprocessor-programming|parallel-and-high-performance-computing
,Web infrastructure,,"Design, deployment, and maintenance of the technologies that support robust, scalable, and secure online platforms and services.",,,,web-infrastructure,,
,,Web protocols,"Ability to understand, implement, and manage the various communication standards that govern data exchange on the Web.",network-communication-protocols,,,web-protocols,https|ssltls|dns,
,,Web security,"Ability to protect websites, Web applications and web infrastructure from various online threats and vulnerabilities.",network-communication-protocols|network-and-application-security,,,web-security,ssltls|ipsec|ssh|public-key-certificates|https,
,,Web and application servers,Ability to manage and maintain the infrastructure that hosts websites and Web applications and services.,,,,web-and-application-servers,apache-web-server|nginx|apache-tomcat|node-js|wildfly,
Professional and people skills,,,"Core capabilities that enable individuals to operate effectively and ethically within diverse, multidisciplinary and evolving professional environments.",,,,professional-and-people-skills,,
,Personal skills,,"Self-management capabilities such as initiative, adaptability, resilience, time management and a commitment to continuous learning.",,,,personal-skills,,
,,Analytical skills and problem solving,"Ability to break down complex problems, evaluate information and available options critically, and select the most effective solution based on logical reasoning.",,,Introducing Computational Thinking ,analytical-skills-and-problem-solving,,introducing-computational-thinking
,,Curiosity,"Being inquisitive and willing to ask questions, explore new ideas and seek deeper understanding.",lifelong-learning|asking-for-help-or-asking-to-understand,,,curiosity,,
,,Positive engagement,"Demonstrating a genuine interest, energy, enthusiasm and positive attitude toward tasks, learning and collaboration.",,,"Improv, yes-and exercise",positive-engagement,,improv-yes-and-exercise
,,Adaptability,"Ability to adjust to new conditions, changes in the environment or unexpected challenges.",adaptability-of-technical-skills-across-domains,,,adaptability,,
,,Resilience,"Ability to recover from setbacks, cope with stress and maintain motivation and focus in face of difficulties.",,,,resilience,,
,,Business acumen,Understanding and application of fundamental business principles to make informed decisions that drive success.,,,,business-acumen,,
,,Integrity and ethics,"Being ethical, acting with honesty, fairness and respect and upholding strong moral principles even when it is difficult or inconvenient.",,,,integrity-and-ethics,,
,,Goal-setting,"Ability to identify, plan and work toward achievable objectives, both short- and long-term, with focus and discipline.",,,,goalsetting,,
,,Innovation and creativity,"Ability to think outside the box, generate new ideas and find novel solutions to problems or opportunities.",curiosity,,,innovation-and-creativity,design-thinking,
,,Time management and context switching,"Ability to effectively prioritise and shift focus between competing demands, manage deadlines and allocate time across multiple responsibilities without sacrificing quality.",,,,time-management-and-context-switching,workspace-management|time-management,
,,Maintaining focus,Ability to concentrate on a specific task despite distractions.,,,,maintaining-focus,pomodoro,
,,Decision making,"Ability to assess information, weigh options, consider potential outcomes and choose the best course of action in a given situation.",,,,decision-making,decision-making-processes,
,,"Understanding of mental health, stress and burnout","Awareness of emotional well-being, recognising signs of stress or burnout in yourself and others, and applying strategies for maintaining mental health.",,,Task Management for Humans as Self Care: Summary and Setup https://www.open.edu/openlearn/body-mind/all-content?filter=date/grid/201/freecourses/all/all/all/all,understanding-of-mental-health-stress-and-burnout,,task-management-for-humans-as-self-care-summary-and-setup|mental-health-free-courses-open-university
,,Self-reflection,Ability to conduct reflective practice and identify opportunities for growth and improvement.,,,,selfreflection,,
,Interpersonal skills,,"Ability to build rapport, demonstrate empathy, navigate social dynamics and communicate effectively in diverse professional settings",,,,interpersonal-skills,,
,,Cultural awareness and sensitivity,"Ability to recognise, respect, and appropriately respond to cultural differences in beliefs, behaviors, and communication styles",,,The Culture Map by Erin Meyer,cultural-awareness-and-sensitivity,,the-culture-map-by-erin-meyer
,,"Emotional intelligence, empathy and respect for others","Ability to understand, manage and respond to your own emotions and those of others, fostering trust, respect and effective communication.",,,The benefits of mindfulness and five common myths surrounding it | OpenLearn - Open University,emotional-intelligence-empathy-and-respect-for-others,,the-benefits-of-mindfulness-and-five-common-myths-surrounding-it|10-ways-to-be-respectful
,,Patience,"Ability to remaining calm, tolerant and professional during complex or slow processes.",,,,patience,,
,,EDIA awareness,"Understanding principles of Equity, Diversity, Inclusion, and Accessibility (EDIA), and actively applying inclusive practices in your work and environment.",recognising-stereotypes-and-unconscious-bias|cultural-awareness-and-sensitivity,,Ally Skills Training https://www.open.edu/openlearn/money-business/diversity-and-inclusion-the-workplace/content-section-overview?active-tab=description-tab ,edia-awareness,recognising-stereotypes,ally-skills-training|understanding-neurodiversity
,,Recognising stereotypes and unconscious bias,"Identifying automatic, often unconscious, biases - in oneself, collegues or community - and consciously challenging them to avoid discrimination.",,,,recognising-stereotypes-and-unconscious-bias,,
,,Conflict prevention and resolution,"Ability to identify potential sources of conflict and address them constructively through communication, compromise and mediation.",conflict-prevention-and-resolution,,Difficult Conversations: How to discuss what matters most https://www.open.edu/openlearn/education-development/bringing-problems-work-without-making-things-worse https://www.open.edu/openlearn/education-development/how-say-no-work-without-guilt-or-conflict,conflict-prevention-and-resolution,,difficult-conversations-how-to-discuss-what-matters-most|bringing-up-problems-at-work-without-making-things-worse|how-to-say-no-at-work-without-guilt-or-conflict|handling-conflict
,,"Influencing, persuasion and negotiation","Communicating effectively to shape opinions, reach agreements, and achieve mutually beneficial outcomes while respecting others' viewpoints",understanding-other-peoples-goals-and-motivations,,,influencing-persuasion-and-negotiation,,
,Teamwork,,"Working constructively and inclusively with others to achieve shared goals, contribute to group problem-solving and foster a positive team culture.",,,,teamwork,,
,,Asking for help or asking to understand,"Willingness to seek clarification, request support or ask thoughtful questions to enhance understanding and avoid mistakes.",curiosity,,,asking-for-help-or-asking-to-understand,,
,,Collaboration,"Working effectively with others, sharing resources and coordinating efforts to achieve shared objectives.",community-engagement,,,collaboration,,
,,Using collaborative tools,"Ability to effectively use collaborative platforms and tools for sharing ideas, content and real-time collaboration across distances.",,,A guide to using virtual events to facilitate community building: Selecting and testing online tools,using-collaborative-tools,slack|mattermost|microsoft-teams|google-docs|github|codimd|hedgedoc|dropbox,a-guide-to-using-virtual-events-to-facilitate-community-building-selecting-and-testing-online-tools
,,"Understanding, extracting and documenting other people's ideas or knowledge","Ability to actively listen, ask clarifying questions and accurately capture and organise another person’s insights or expertise for shared use.",active-listening|asking-for-help-or-asking-to-understand,,,understanding-extracting-and-documenting-other-peoples-ideas-or-knowledge,,
Leadership and management,,,"The capacity to guide people, projects and organisations with vision and accountability, ensuring strategic alignment, innovation and the effective use of resources.",,,,leadership-and-management,,
,People and team management,,"Guiding and supporting individuals and teams to achieve their potential, with attention to wellbeing, performance and professional growth.",,,,people-and-team-management,,
,,Team management,"Ability to lead, coordinate and motivate a group of individuals to achieve common goals.",,,,team-management,,
,,Team performance management,"Ability to set goals, monitor progress, provide feedback and evaluate performance of team members to improve efficiency and effectiveness.",,,,team-performance-management,,
,,Recruiting people,"Ability to recruite suitable candidates for a position, including the creation of clear and effective job descriptions that outline roles, responsibilities, qualifications and expectations.",,,,recruiting-people,,
,,Team building and development,"Ability to bring new people, improve skills, knowledge, and overall capabilities in a team, and foster a positive and collaborative environment that enhances teamwork.",mentoring-and-coaching,,Exploring career mentoring and coaching | OpenLearn - Open University,team-building-and-development,,exploring-career-mentoring-and-coaching
,,Acknowledgement of contributions,"Acknowledging and appreciating contributions and achievements of team members, reinforcing positive behavior and boosting morale.",,,,acknowledgement-of-contributions,,
,,Shielding colleagues from destructive criticism,"Protecting team members from unconstructive or harmful feedback by offering support and ensuring criticism is delivered in a constructive, respectful manner.",,,,shielding-colleagues-from-destructive-criticism,,
,,Understanding other people's goals and motivations,"Ability to empathise with and gain insight into the personal and professional goals of others, allowing for better collaboration, conflict resolution and alignment within teams.",influencing-persuasion-and-negotiation,,,understanding-other-peoples-goals-and-motivations,,
,Leadership,,"Setting direction, inspiring others and making strategic decisions that align people and projects with broader institutional or organisational goals.",,,,leadership,,
,,Long-term strategic planning,"Ability to do horizon scanning (identify emerging trends, technologies, risks and opportunities and anticipate their impact on research) in order to develop a roadmap for an organisation or initiative's future direction over an extended period of time.",,,,longterm-strategic-planning,,futures-foresight-and-horizon-scanning
,,Mentoring and coaching,"Providing guidance, support and advice to a less experienced individual to help them grow personally and professionally.",,,https://www.open.edu/openlearn/money-business/exploring-career-mentoring-and-coaching/content-section-overview?active-tab=description-tab ,mentoring-and-coaching,,exploring-career-mentoring-and-coaching
,,Motivation and inspiration,"Ability to encourage, energise, and empower others to take action, pursue goals, or strive for continuous improvement",,,,motivation-and-inspiration,,
,,Business development and grant proposal writing ,"Understanding the needs and interests of potential funders or decision-makers, articulating the goals and benefits of the proposed project or business case in a clear and persuasive way and providing strong justification for why it should be supported.  ",,,Everything you wanted to know about applying for grants but didn't ask,business-development-and-grant-proposal-writing,software-management-plans|data-management-plans,everything-you-wanted-to-know-about-applying-for-grants-but-didnt-ask|how-to-write-a-good-application|funding-higher-education-in-england|funding-higher-education-in-wales|funding-higher-education-in-scotland|funding-higher-education-in-northern-ireland|uk-research-funding-model|budget-allocations-for-uk-research-and-innovation|ukris-guide-to-appling-for-funding
,,Setting policies and guidelines,"Ability to analyse processes, identify areas for improvement and design clear policies and practical guidelines that establish standards, expectations or good practices within a project, organisation or across institutions.",,,,setting-policies-and-guidelines,,10-simple-rules-for-writing-10-simple-rules-papers
,,Leading change,"Ability to create a shift in mindset and behavior, empowering individuals and ensuring that the change is sustainable in the long run - drawing on emotional intelligence, strategic thinking, communication and organisational management.",,,Leadership and followership | OpenLearn - Open University,leading-change,,leadership-and-followership
,,Setting a mission,"Ability to define and articulate a clear mission that expresses the purpose, goals, and intended impact of a project, initiative, team or organisation, providing direction and alignment for decision-making and activities.",,,,setting-a-mission,,missions-a-beginners-guide
,,Starting an organisation,"Conceive, establish and formally structure a new entity, including defining its mission and scope, setting up governance and operational processes, securing resources, and ensuring legal, financial, and technical foundations are in place",setting-a-mission|open-project-culture-structure-and-practices,,,starting-an-organisation,,open-source-project-culture-and-practices|how-to-build-a-skills-based-organisation-in-5-steps|how-to-start-a-nonprofit-organisation-in-the-uk
,Programme and project management,,"Planning, coordinating and delivering projects effectively within defined scope, time and resource constraints, while managing risk and quality.",,,,programme-and-project-management,,
,,Project scoping and setting realistic goals,"Ability to define and clarify the boundaries, objectives and expected outcomes of a project, ensuring that they are achievable, measurable and aligned with the available resources.",project-management,,,project-scoping-and-setting-realistic-goals,software-management-plans|data-management-plans,
,,Project management,"Knowledge of the frameworks, processes and best practices that guide how a project is planned, executed, monitored and evaluated.",stakeholder-and-user-engagement|project-scoping-and-setting-realistic-goals|meeting-chairing-and-management,,"University of Manchester internal Agile/Scrum course (work in progress); 
CSCCE's project management for STEM professionals
The Harvard Business Review Project Management Handbook by Antonio Nieto-Rodriguez",project-management,agile|scrum|waterfall|prince2|delegation,university-of-manchester-internal-agilescrum-course-work-in-progress|cscces-project-management-for-stem-professionals|harvard-business-review-project-management-handbook-how-to-launch-lead-and-sponsor-successful-projects
,,Budget management,"Ability to plan, allocate, monitor and control financial resources to ensure that activities are delivered within budget while meeting objectives.",,,,budget-management,,
,,Task management,"Ability to effectively identify, break down, organise, assign, prioritise and track tasks and the use of resources (time, money and human resources) to ensure goals are achieved efficiently, within scope, and on schedule.",,,https://en.wikipedia.org/wiki/Task_management,task-management,github-issues|github-projects|asana|trello|gantt-charts,task-management-wikipedia
,,Portfolio management,"Ability to oversee and manage a programme of work or a collection of projects within an organisation to ensure that they align with the strategic goals, priorities and resource availability.",,,,portfolio-management,,
,,Risk management,"Ability to identify, assess, mitigate and monitor risks that could negatively affect a project, organisation or process.",,,,risk-management,risk-matrix,
,,Crisis and change management,"Ability to effectively navigate and manage sudden, unexpected situations (crisis) and significant transformations (change) within an organisation or project.",,,,crisis-and-change-management,,
,,Event management,"Ability to plan, organise and execute events efficiently, ensuring that all aspects are well-coordinated and meet the goals of the event.",,,Event Organisation Guide,event-management,,event-organisation-guide
,,Stakeholder management,"Ability to manage expectations of different stakeholders (e.g. partners and PIs), negotiation between partner needs and RSE practicalities.",,,,stakeholder-management,stakeholder-analysis,
,,Content and knowledge management,"Ability to organise, store, share and leverage information and resources within an organisation or community effectively making it easily accessible, well-documented and utilised in decision-making, problem-solving and innovation.",,,,content-and-knowledge-management,content-management-systems|microsoft-sharepoint|google-docs|google-sheets|atlassian-confluence|wordpress|drupal,
,,Meeting chairing and management,"Ability to lead and facilitate meetings effectively, ensuring they are well-organised, productive, achieve their objectives and encourage respectful and active participant engagement.",,,,meeting-chairing-and-management,setting-agenda|guiding-discussions|meeting-rules|code-of-conduct,
,,Understanding institutional bureaucracy or politics,"Ability to navigate and make sense of the complex structures, rules, power dynamics and interpersonal relationships within academic institutions.",,,,understanding-institutional-bureaucracy-or-politics,,
,,Gathering and understanding stakeholder requirements,"Ability to actively listen to and engage with users, funders and other stakeholders to identify their needs, expectations and constraints - including asking the right questions, clarifying assumptions and documenting requirements in a way that can guide project planning and delivery.",,,,gathering-and-understanding-stakeholder-requirements,stakeholder-analysis,
,,Stakeholder and user engagement,"Building and maintaining positive relationships with stakeholders or users by communicating clearly, understanding their needs, involving them in the process, gathering feedback and providing value and ensuring satisfaction with the final product or service.",,,,stakeholder-and-user-engagement,,
Domain expertise and research,,,"Disciplinary insight and research acumen, enabling the generation of new knowledge, critical analysis and the application of theory to practice.",,,,domain-expertise-and-research,,
,Domain knowledge,,"Deep understanding of the concepts, challenges, and methodologies specific to a particular scientific field",,,,domain-knowledge,,
,,Domain-specific background knowledge,"An understanding of concepts, theories, and best practices within a particular field or discipline.",,,,domainspecific-background-knowledge,,
,,Translating technical language for all stakeholders,"Translating between technical software engineering concepts and the language of non-software-engineer stakeholders, such as researchers, scientists or other business or academic teams.",public-speaking-and-presentation|technical-writing,,,translating-technical-language-for-all-stakeholders,simplifying-technical-jargon,
,,Adaptability of technical skills across domains,"Ability to apply scientific, technical or engineering methodologies to different domains and problems.",adaptability,,,adaptability-of-technical-skills-across-domains,,
,,Specialist technical or hardware knowledge,Knowledge of specialised computer or hardware systems designed to control specific functions within a larger device or machine,,,,specialist-technical-or-hardware-knowledge,embedded-systems|medical-devices|radars|satellite-hardware|raspberry-pi|arduino|sensors|controlling-actuators|system-on-a-chip-soc|internet-of-things-iot,
,Research skills,,"Conducting rigorous inquiry, including problem formulation, experimental design, critical analysis and dissemination of findings.",,,,research-skills,,
,,Research methodologies,"Expertise in research methodology - formulating testable predictions based on observations, theories or existing knowledge and systematically evaluating them through empirical methods.",data-acquisition|data-analysis|finding-understanding-and-synthesising-relevant-information|data-visualisation,,,research-methodologies,qualitative-methods|quantitative-methods|experimental-design|systematic-literature-review|simulations|matlab|labview|reference-management|zotero|endnote|mendeley|rayyan|covidence|paper-digest|connected-papers|preregistration,reference-management-a-practical-guide
,,"Finding, understanding and synthesising relevant information","Ability to do literature review - find, read and digest relevant research and synthesise information from multiple sources (such as academic literature, reports, books and research papers) and critically assess its relevance, credibility, and quality.",,,Often offered by university libraries,finding-understanding-and-synthesising-relevant-information,systematic-literature-review|google-scholar|arxiv|rayyan,often-offered-by-university-libraries
,,Writing research papers,"Ability to present research ideas and work in research and scientific publications, including presenting evidence, evaluation and argumentation in academic paper structure.",technical-writing,,academic writing workshops/courses,writing-research-papers,formatting-text|latex|overleaf|reference-management|zotero|bibtex|mendeley|endnote,academic-writing-workshopscourses|reference-management-a-practical-guide
,,Peer review of research papers,"Ability to provide constructive, evidence-based feedback on other people’s work to improve quality, foster learning and advance research.",,,,peer-review-of-research-papers,,
,,Ethical responsibility,"Ability to identify potential ethical concerns related to research subjects' welfare, data collection, storage and security methods, informed consent and privacy.",,,https://www.dcc.ac.uk/sites/default/files/documents/publications/3amendedFive%20things.....%20(8-Page).pdf,ethical-responsibility,gdpr|ethics-approvals|care-principles-for-indigenous-data-governance,five-things-you-need-to-know-about-research-data-management-and-the-law
,,Legal and regulatory responsibility,Understanding of legislation and legal responsibilities when conducting work in specific research areas.,intellectual-property-ip-and-software-licensing,,"https://www.uwe.ac.uk/study/library/research-support/manage-your-research-data/planning-your-project/know-your-legal-and-ethical-responsibilities

https://www.liverpool.ac.uk/library/research-data-management/essentials/ethical-and-legal/


https://researchdata.ox.ac.uk/ethical-and-legal-issues",legal-and-regulatory-responsibility,export-control|intellectual-property-ip|licensing|gdpr|clinical-trials-regulations|medical-devices,know-your-legal-and-ethical-responsibilities|ethical-and-legal-issues-university-of-liverpool|ethical-and-legal-issues-university-of-oxford
Communication,,,"Ability to convey ideas, knowledge and impact across diverse audiences, fostering understanding, knowledge transfer and engagement within and beyond the organisation.",,,,communication,,
,Verbal and written communication,,Articulating complex ideas clearly and effectively through a range of formats and for varied audiences.,,,,verbal-and-written-communication,,
,,Public speaking and presentation,"Public speaking, presentation and communication with a diverse audience (general public, non-technical, technical or cross-disciplinary audiences).",,,Presenting Posters and Conference Talks - The Turing Way  https://www.ptp.co.uk/training-courses/personal-development-training/public-speaking/  https://www.open.edu/openlearn/money-business/effective-communication-the-workplace/content-section-overview?active-tab=description-tab,public-speaking-and-presentation,designing-presentations|google-slides|microsoft-powerpoint|communication-with-general-public|communication-with-non-technical-audiences|communication-with-technical-audiences,presenting-posters-and-conference-talks-the-turing-way|ptp-public-speaking-courses|effective-communication-in-the-workplace
,,Information synthesis and concise written communication,Ability to structure and condense information in a written form for engaging with a diverse audience.,technical-writing|documenting-software,,,information-synthesis-and-concise-written-communication,writing-blog-posts|communication-with-general-public|communication-with-non-technical-audiences|communication-with-technical-audiences,
,,Technical writing,"Ability to create clear, concise, and structured technical documentation.",writing-research-papers|information-synthesis-and-concise-written-communication|documenting-software,,,technical-writing,technical-or-scientific-reports|technical-documentation|latex|overleaf||read-the-docs|mkdocs|sphynx|markdown|r-markdown|quarto|communication-with-technical-audiences,
,,Multimedia and social content production,"Ability to create, edit, and manage various forms of digital content across multiple media platforms, e.g. graphic design, audio/video/animation production, social media, etc.",,,Social Media for Research Communications — The Turing Way,multimedia-and-social-content-production,adobe-photoshop|adobe-illustrator|canva|adobe-premiere|obs|youtube|mastodon|x|linkedin|bluesky|podcasts,social-media-for-research-communications-the-turing-way
,,Note taking,Ability to document and organise meeting information and capture clear actions.,,,,note-taking,recording-clear-actions,
,,Active listening,Ability to be an attentive and engaged listener.,,,,active-listening,,
,,Providing positive and constructive feedback,"Ability to offer supportive and insightful feedback and review comments on other's work to improve quality, foster learning, and uphold standards.",peer-review-of-research-papers,,CSCCE mini-workshop on the topic of Giving and receiving feedback; Stone and Heen’s book Thanks for the Feedback https://www.open.edu/openlearn/education-development/shared-documents-and-constructive-collaboration,providing-positive-and-constructive-feedback,,cscce-mini-workshop-on-the-topic-of-giving-and-receiving-feedback|thanks-for-the-feedback|shared-documents-and-constructive-collaboration
,,Assertive communication,"Ability to be assertive in communication, including setting boundaries and declining requests firmly and politely when needed.",,,,assertive-communication,,
,Community and outreach,,"Engaging with wider communities through knowledge sharing, collaboration and public engagement to increase the visibility and impact of work.",,,"SSI Fellowship, OLS, maybe other community management programs, Turing Way handbook, CSCCE",community-and-outreach,,ssi-fellowship|ols-lesson|other-community-management-programs|the-turing-way-handbook|cscce
,,Peer support and creating safe spaces,"Providing emotional, social and practical support to other members of a community, fostering mutual understanding, encouragement and personal growth.",,,,peer-support-and-creating-safe-spaces,,
,,Networking and relationship building,"Establishing connections at professional gatherings to exchange knowledge, support and opportunities for growth.",,,,networking-and-relationship-building,,
,,Raising awareness of or advocating for issues,"Identifying, communicating and educating others about a specific problem to generate action, support or change.",,,,raising-awareness-of-or-advocating-for-issues,,
,,Community building and leadership,"Ability to inspire, guide and mobilise people toward a shared vision or a goal.",setting-a-mission|open-project-culture-structure-and-practices|community-governance-and-management,,"Resources from CSCCE, for example the Community Participation Model: https://www.cscce.org/resources/cpm/; 
A guide to using virtual events to facilitate community building: Selecting and testing online tools; 
CSCCE's guide on how to steward large-scale collaborations ",community-building-and-leadership,,community-participation-model-cscce|a-guide-to-using-virtual-events-to-facilitate-community-building-selecting-and-testing-online-tools|cscces-guide-on-how-to-steward-large-scale-collaborations|githubs-building-community
,,Community governance and management,"Setting norms, structures and processes to guide decision-making, coordination, communication and participation within a community.",meeting-chairing-and-management|open-project-culture-structure-and-practices,,"Governance in The Turing Way
MetaDocencia builds its governance collaboratively(spanish)
",community-governance-and-management,decision-making-processes|marthas-rules|githubs-minimum-viable-governance|onboarding-new-members|slack|mattermost|code-of-conduct|meeting-rules|understanding-and-defining-community-roles|assessing-community-health,governance-in-the-turing-way|metadocencia-builds-its-governance-collaboratively|community-governance-resources|ukris-guide-to-appling-for-funding|3-metrics-to-measure-your-open-source-community-health|chaoss-community-metrics|githubs-building-community|redhat-open-source-project-health-checklist
,,"Open project culture, structure and practices ","Understanding of different open science or open source communities of practice and how they work - structures, norms, governance, incentives and sustainability.",,,,open-project-culture-structure-and-practices,open-source-principles,open-source-software-oss-foundations|linux-foundation|apache-software-foundation|python-software-foundation|r-foundation|jupyter-project|research-software-alliance-resa|galaxy-project| what-is-open-source-software-oss
,,Community engagement,"Ability to actively and constructively participate in professional, research and open communities in ways that build relationships, enable collaboration, support others and strengthen shared goals.",collaboration,,,community-engagement,,outlining-the-structure-of-your-open-source-software-project
,Teaching and learning,,"Designing and delivering effective learning experiences that build skills, transfer knowledge and support capacity and capability development across audiences.",,,,teaching-and-learning,,
,,Pedagogical skills and theory of learning,"Ability to design, deliver and evaluate teaching based on an understanding of the theory of how people learn and how best to teach them.",,,"Carpentries Instructor Training   
Teaching tech together
Enseñando tecnología en comunidad(Spanish)
",pedagogical-skills-and-theory-of-learning,,carpentries-instructor-training|teaching-tech-together|enseando-tecnologa-en-comunidadspanish
,,Self-learning,Ability to learn independently and teach oneself new technical and non-technical skills.,,,,selflearning,,
,,Lifelong learning,"Ongoing, voluntary and self-motivated pursuit of learning for either personal or professional reasons.",curiosity,,,lifelong-learning,,
,,Knowledge exchange,"Ability to share information, expertise and good practices within a team, organisation or community.",public-speaking-and-presentation|information-synthesis-and-concise-written-communication,,,knowledge-exchange,onboarding-new-members|presentations|pair-programming|google-slides|microsoft-powerpoint|canva,
,,Teaching and training others,"Ability to convey theoretical and practical knowledge to others, address misconceptions, etc. in training events, while applying good practice from pedagogical theory.",,,"Carpentries Instructor Training   
Teaching tech together
Enseñando tecnología en comunidad(Spanish)
",teaching-and-training-others,,carpentries-instructor-training|teaching-tech-together|enseando-tecnologa-en-comunidadspanish
,,Training material development,"Ability to design and develop various short-format training materials (tutorials, courses, etc.), while applying good practice from pedagogical theory.",,,Carpentries Collaborative Lesson Development Training,training-material-development,,carpentries-collaborative-lesson-development-training